panel_short,coef,estimate,se
Panel B,Theta_up_Cog,0.307118400341779,0.0603134257354499
Panel B,Theta_dn_Cog,0.0707067415107274,0.0433996074296452
Panel B,kappa_Cog,-0.0461844533959678,0.016389356399147
Panel B,delta_Cog,-1.73392874865915,0.23376735836132
Panel B,Theta_up_Phy,-0.648850258218612,0.107041978948103
Panel B,Theta_dn_Phy,-0.143026410019688,0.0686749553979275
Panel B,kappa_Phy,0.00707353756269506,0.033416581161635
Panel B,delta_Phy,-2.85045792384703,0.395873098637181
