panel_short,coef,est_at_0,c_at_max_abs,max_abs,decays_c_m1,decays_c_p1
Panel A,Theta_up_Cog,0.336531089919379,0.5,0.381710078724211,TRUE,TRUE
Panel A,Theta_dn_Cog,0.147413673460869,1,0.190683783009736,TRUE,FALSE
Panel A,Theta_up_Phy,-0.818543870354247,0.25,0.845692699900469,TRUE,TRUE
Panel A,Theta_dn_Phy,-0.146188248225011,1,0.451489166935094,FALSE,FALSE
Panel B,Theta_up_Cog,0.307118400341779,0.5,0.377558963038445,TRUE,TRUE
Panel B,Theta_dn_Cog,0.0707067415107274,1,0.118383531477948,TRUE,FALSE
Panel B,Theta_up_Phy,-0.648850258218612,0.5,0.704635966367314,TRUE,FALSE
Panel B,Theta_dn_Phy,-0.143026410019688,1,0.344851980539132,FALSE,FALSE
