model,rho_obs,p_val
ATC (estimated),0.742857142857143,0.001000100010001
SYM (symmetric wage),0.767857142857143,0.0003000300030003
NULL (distance-only),0.771428571428571,0.0002000200020002
