model,slope,r2
ATC (estimated),0.60334064639548,0.362880447971953
NULL (symmetric),0.85214012401859,0.481355849239125
