atc_archetype,atc_index,obs_slope,sign_ok
Physical_Terminal,-0.678771285773811,-0.152874807732848,TRUE
SC_Scaffolding,0.270851276607942,0.177306084127227,TRUE
SC_Specialized,0.153108270362702,0.02805746989202,TRUE
